Sex,Marital status,Age,Education,Income,Occupation,Settlement size,Cluster
0,0,0,67,2,124670,1,2,4
1,1,1,22,1,150773,1,2,1
2,0,0,49,1,89210,0,0,3
3,0,0,45,1,171565,1,1,2
4,0,0,53,1,149031,1,1,2
5,0,0,35,1,144848,0,0,3
6,0,0,53,1,156495,1,1,2
7,0,0,35,1,193621,2,1,2
8,0,1,61,2,151591,0,0,4
9,0,1,28,1,174646,2,0,2
10,1,1,25,1,108469,1,0,1
11,1,1,24,1,127596,1,0,1
12,1,1,22,1,108687,1,2,1
13,0,0,60,2,89374,0,0,4
14,1,1,28,1,102899,1,1,1
15,1,1,32,1,88428,0,0,1
16,0,0,53,1,125550,1,0,2
17,0,0,25,0,157434,1,2,2
18,1,1,44,2,261952,2,2,4
19,0,0,31,0,144657,1,1,2
20,0,0,48,1,118777,1,1,2
21,0,0,44,1,147511,1,1,2
22,0,0,48,1,89804,0,0,3
23,0,0,44,1,134918,1,2,2
24,0,1,26,1,103667,1,2,2
25,0,0,36,1,71909,0,0,3
26,0,1,39,1,68264,0,0,3
27,1,1,42,2,163025,1,1,4
28,0,0,34,1,119307,1,1,2
29,0,0,63,2,175882,1,0,4
30,0,1,36,1,159646,1,1,2
31,0,0,27,0,120131,1,1,2
32,0,0,30,0,162745,1,2,2
33,0,0,57,2,87605,0,0,4
34,1,1,33,1,155569,2,1,1
35,0,0,25,0,104505,0,0,3
36,0,0,31,0,143385,1,2,2
37,0,0,37,1,127676,1,1,2
38,0,0,37,1,119276,1,1,2
39,0,0,24,0,92542,1,1,3
40,0,0,30,0,163329,2,1,2
41,0,1,26,1,130921,1,0,1
42,0,0,44,1,133658,0,0,3
43,0,1,24,1,155104,1,1,2
44,1,1,58,2,142335,0,1,4
45,1,1,35,1,138387,2,1,1
46,0,0,39,1,140182,1,0,2
47,1,1,23,1,65421,0,0,1
48,0,0,39,1,130500,0,0,3
49,1,1,28,1,122831,1,0,1
50,0,0,29,0,84531,0,0,3
51,0,0,30,0,180196,2,2,2
52,0,0,25,0,92058,1,2,2
53,0,0,31,0,117158,1,0,3
54,0,0,57,2,135830,1,1,4
55,0,0,26,0,58258,0,0,3
56,0,0,52,1,202575,2,2,2
57,1,1,31,1,183657,1,1,1
58,1,1,23,1,152267,2,1,1
59,1,1,23,1,115240,0,0,1
60,0,1,27,1,106955,1,2,2
61,0,0,50,1,123641,1,1,2
62,0,0,61,2,166410,2,1,4
63,0,0,25,0,227385,1,2,2
64,1,1,26,1,118372,1,1,1
65,0,0,48,1,148115,1,1,2
66,1,1,29,1,111069,1,0,1
67,0,1,22,1,139780,1,0,1
68,0,0,37,1,106978,1,2,2
69,1,1,25,1,110019,1,2,1
70,1,1,30,1,169102,1,1,1
71,0,0,46,1,73703,0,0,3
72,0,0,51,1,141858,2,2,2
73,1,1,41,2,135959,0,0,4
74,0,0,40,1,140888,2,2,2
75,0,0,66,2,157299,2,2,4
76,0,0,34,1,125187,1,1,2
77,0,0,51,1,155486,1,2,2
78,0,0,39,1,151697,0,0,3
79,0,1,22,1,126400,1,1,1
80,1,1,44,2,159246,1,2,4
81,0,0,47,1,136138,1,1,2
82,1,1,24,1,84792,0,0,1
83,1,1,58,2,100210,0,0,4
84,0,0,52,1,93706,0,0,3
85,1,1,29,1,133783,2,1,1
86,1,1,27,1,110064,1,2,1
87,0,0,47,1,241068,1,1,2
88,0,0,30,0,149022,2,2,2
89,0,0,28,0,92973,1,2,2
90,0,0,56,1,110605,1,1,2
91,0,0,54,1,116604,1,1,2
92,1,1,33,1,71070,0,0,1
93,0,0,20,0,128678,1,1,2
94,0,0,54,1,165230,1,2,2
95,0,0,58,2,268340,1,1,4
96,1,1,61,2,135070,1,1,4
97,0,0,34,1,134794,1,2,2
98,0,0,36,1,120153,1,1,2
99,0,0,36,1,195465,2,2,2
100,0,1,41,1,93372,0,0,3
101,0,0,24,0,110446,1,0,3
102,1,1,24,1,95186,1,1,1
103,0,0,35,1,115343,1,1,2
104,0,1,26,1,107276,1,1,1
105,0,0,39,1,244716,2,2,2
106,0,0,39,1,183108,2,2,2
107,0,0,32,0,152876,1,2,2
108,1,1,30,1,165147,1,0,1
109,0,1,35,1,140520,1,0,1
110,0,1,31,1,124203,1,1,2
111,1,1,23,1,107205,1,1,1
112,0,0,28,0,121432,0,2,2
113,1,1,25,1,162445,1,0,1
114,0,1,35,1,134112,1,1,2
115,0,0,47,1,131842,1,1,2
116,1,1,30,1,189896,2,0,1
117,1,1,27,1,109099,1,2,1
118,1,1,23,1,153539,1,1,1
119,0,1,36,1,180495,2,1,2
120,1,1,25,1,104653,1,2,1
121,1,1,41,2,166933,2,2,4
122,0,0,24,0,66118,0,0,3
123,0,0,63,2,135754,1,0,4
124,1,1,27,1,116103,1,2,1
125,0,0,30,0,104293,1,1,2
126,0,1,40,1,71702,0,0,3
127,0,0,30,0,99066,1,2,2
128,0,0,34,1,143979,2,2,2
129,1,1,29,1,123818,1,0,1
130,1,1,24,1,176714,1,2,1
131,0,0,29,0,149249,1,2,2
132,0,0,27,0,77535,0,0,3
133,0,0,47,1,116540,1,1,2
134,1,1,21,1,194728,1,0,1
135,1,1,38,1,109311,1,2,1
136,0,0,27,0,204723,1,2,2
137,0,0,66,2,126003,0,0,4
138,0,0,35,1,123109,1,1,2
139,1,1,44,2,108251,0,0,4
140,0,1,27,1,89908,0,0,3
141,1,1,30,1,176057,2,1,1
142,0,0,27,0,144332,2,2,2
143,0,0,22,0,101185,1,1,2
144,1,1,23,1,107406,1,2,1
145,0,0,30,0,140665,1,1,2
146,1,1,39,2,106461,1,0,4
147,1,1,51,2,127825,1,0,4
148,0,0,28,0,133898,1,1,2
149,0,0,46,1,152383,1,2,2
150,0,0,42,1,119926,1,0,3
151,0,0,38,1,108784,1,2,2
152,0,0,24,0,153286,1,1,2
153,1,1,29,1,214204,1,2,2
154,0,0,36,1,208101,2,2,2
155,1,1,20,1,95355,1,1,1
156,0,0,48,1,124156,1,1,2
157,0,1,45,2,72215,0,0,4
158,0,0,38,1,146529,1,2,2
159,0,0,34,1,75343,0,0,3
160,0,0,36,1,129789,1,1,2
161,1,1,30,1,101153,1,1,1
162,0,0,36,1,127833,1,2,2
163,0,0,70,2,224998,2,2,4
164,0,0,36,1,124445,1,2,2
165,0,0,32,0,141116,1,1,2
166,1,1,33,1,104276,1,2,1
167,1,1,20,1,147687,1,2,1
168,1,1,25,1,125168,1,1,1
169,0,1,31,1,115369,1,2,2
170,0,0,33,1,95445,1,0,3
171,1,1,26,1,95159,1,1,1
172,1,1,34,1,153031,2,2,2
173,0,0,33,1,108899,1,0,3
174,0,0,26,0,113515,1,1,2
175,1,1,53,2,211229,2,0,4
176,0,1,42,2,121307,1,0,4
177,0,0,52,1,131727,1,2,2
178,0,0,31,0,133574,2,1,2
179,0,0,65,2,117334,1,0,4
180,0,1,28,1,177291,1,2,2
181,0,1,30,1,168763,2,1,2
182,0,0,40,1,77720,0,0,3
183,0,0,50,1,176645,1,2,2
184,0,0,36,1,106205,1,1,2
185,0,0,31,0,97785,1,1,2
186,1,1,74,3,214364,2,1,4
187,0,0,68,2,74525,0,0,4
188,0,1,20,1,98988,1,0,1
189,1,1,33,1,133561,1,1,1
190,0,0,54,1,217651,2,2,2
191,0,0,34,1,116525,0,0,3
192,0,0,36,1,135302,1,2,2
193,0,1,29,1,106434,1,1,1
194,0,0,21,0,128350,1,2,2
195,1,1,34,1,147626,2,2,2
196,1,1,28,1,102697,1,0,1
197,1,1,27,1,120262,1,0,1
198,0,0,36,1,124214,1,2,2
199,0,1,40,1,175223,2,1,2
200,0,0,52,1,137467,1,0,2
201,0,1,27,1,65815,0,0,3
202,0,0,26,0,129864,1,1,2
203,0,1,21,1,88475,1,1,1
204,0,0,38,1,74666,0,0,3
205,0,0,38,1,222294,2,2,2
206,0,0,43,1,112878,1,0,3
207,0,0,26,0,103411,1,2,2
208,0,1,21,1,112868,0,0,1
209,0,0,55,1,157940,1,2,2
210,0,0,33,1,115835,1,2,2
211,1,1,45,2,109807,0,0,4
212,0,0,50,1,150699,1,1,2
213,0,0,66,2,178967,2,0,4
214,0,0,51,1,132767,1,0,2
215,1,1,39,2,86152,0,0,1
216,0,0,31,0,114528,1,2,2
217,0,0,23,0,133912,1,1,2
218,0,1,24,1,81210,0,0,3
219,1,1,64,3,131242,1,0,4
220,0,1,26,1,68804,0,0,3
221,1,1,23,1,96961,1,1,1
222,0,0,30,0,90719,1,2,2
223,0,0,32,0,114116,1,1,2
224,0,0,30,0,128639,1,1,2
225,0,0,27,0,106623,1,1,2
226,0,0,27,0,236264,1,1,2
227,0,0,53,1,207783,2,1,2
228,0,0,22,0,91739,1,1,3
229,0,0,22,0,107780,1,2,2
230,0,0,26,0,139157,1,2,2
231,0,0,51,1,121751,0,0,3
232,0,0,35,1,121974,1,0,3
233,0,1,25,1,70320,0,0,3
234,0,0,42,1,78327,0,0,3
235,0,0,30,0,131433,2,0,2
236,0,0,23,0,167076,0,2,2
237,0,1,61,2,130788,0,0,4
238,1,1,35,1,107408,1,1,1
239,0,0,39,1,115323,1,1,2
240,1,1,29,1,99012,1,0,1
241,0,0,51,1,115996,1,1,2
242,0,0,24,0,123353,1,1,2
243,1,1,27,1,100008,1,0,1
244,1,1,35,1,125105,0,0,1
245,0,0,25,0,92020,1,2,2
246,0,0,52,1,108365,1,2,2
247,0,0,35,1,112979,1,0,3
248,0,0,26,0,117221,1,1,2
249,1,1,22,1,88800,1,2,1
250,1,1,39,2,115099,0,0,4
251,1,1,46,2,113399,0,0,4
252,1,1,24,1,115879,1,1,1
253,0,0,35,1,141270,1,2,2
254,0,0,24,0,107633,1,1,2
255,0,0,27,0,131751,0,0,3
256,0,0,35,1,83687,0,0,3
257,0,1,29,1,106828,1,2,2
258,1,1,23,1,135537,1,1,1
259,1,1,57,2,107142,0,0,4
260,0,0,27,0,97446,1,1,2
261,1,1,55,2,126357,1,2,4
262,0,0,36,1,169617,2,1,2
263,1,1,57,2,108945,0,0,4
264,0,0,32,0,67345,0,0,3
265,0,0,37,1,106215,1,0,3
266,0,0,36,1,149237,1,0,2
267,1,1,38,1,112124,1,0,1
268,0,1,45,2,215150,2,2,4
269,0,0,25,0,89534,1,1,3
270,0,0,32,0,111082,1,2,2
271,1,1,37,1,137069,1,1,1
272,0,0,36,1,244541,2,2,2
273,0,0,28,0,120712,1,1,2
274,0,1,34,1,175367,0,0,1
275,0,0,32,0,111418,1,1,2
276,1,1,26,1,110913,1,0,1
277,0,1,49,2,84267,0,0,4
278,1,1,32,1,136886,1,2,1
279,0,0,29,0,144884,2,2,2
280,0,0,23,0,151180,1,1,2
281,0,0,50,1,114997,1,1,2
282,0,0,49,1,100961,0,0,3
283,0,0,63,2,124849,1,2,4
284,0,1,37,1,152308,1,2,2
285,1,1,35,1,167945,0,1,1
286,0,0,26,0,126706,1,2,2
287,0,0,31,0,210017,2,2,2
288,1,1,49,2,125665,1,1,4
289,0,1,48,2,111184,1,1,4
290,0,1,26,1,94134,1,0,1
291,0,1,28,1,214620,2,1,2
292,1,1,44,2,193816,2,1,4
293,0,0,56,1,168714,1,1,2
294,0,1,46,2,202997,2,1,4
295,1,1,26,1,192451,1,2,2
296,1,1,20,1,127928,1,2,1
297,0,0,45,1,78253,0,0,3
298,0,0,43,1,118446,1,1,2
299,0,0,32,0,161379,1,2,2
300,1,1,54,2,56622,0,0,4
301,1,1,42,2,146117,1,1,4
302,0,0,37,1,90418,0,0,3
303,0,0,49,1,109053,1,0,3
304,0,0,44,1,219319,1,0,2
305,0,1,33,1,144701,1,1,2
306,1,1,24,1,102425,0,0,1
307,0,1,33,1,79867,0,0,3
308,1,1,24,1,107114,1,2,1
309,0,1,22,1,62263,0,0,3
310,0,0,40,1,92567,0,0,3
311,0,0,25,0,146349,1,0,2
312,1,1,26,1,141825,1,1,1
313,0,1,25,1,68582,0,0,3
314,0,0,29,0,85476,0,0,3
315,0,0,31,0,111091,1,2,2
316,0,0,38,1,67110,0,0,3
317,1,1,48,2,126154,0,0,4
318,0,0,32,0,92257,1,2,2
319,1,1,27,1,93605,0,0,1
320,0,1,28,1,165190,2,0,2
321,0,1,32,1,107195,1,0,1
322,0,0,34,1,145059,2,0,2
323,0,0,28,0,148363,1,0,2
324,1,1,36,1,105681,1,2,1
325,0,0,39,1,93732,0,0,3
326,0,0,49,1,154778,1,2,2
327,1,1,34,1,149356,1,2,1
328,0,0,31,0,145670,1,1,2
329,0,0,28,0,101589,1,2,2
330,0,0,75,2,213333,2,1,4
331,1,1,30,1,122420,1,0,1
332,1,1,24,1,209856,2,1,2
333,1,1,24,1,181003,0,0,1
334,0,0,23,0,117804,1,1,2
335,0,1,44,2,160650,2,1,4
336,1,1,23,1,84611,0,0,1
337,1,1,24,1,98479,1,2,1
338,0,0,28,0,122359,1,2,2
339,0,1,31,1,81394,0,0,3
340,1,1,24,1,150372,1,1,1
341,1,1,26,1,92385,0,0,1
342,0,1,25,1,149851,1,2,2
343,0,0,33,1,167939,2,1,2
344,0,0,37,1,115426,0,0,3
345,1,1,43,2,85402,0,0,4
346,0,0,23,0,95815,1,2,2
347,1,1,23,1,97518,0,0,1
348,0,0,34,1,87355,0,0,3
349,0,0,32,0,145933,1,1,2
350,1,1,23,1,97307,1,0,1
351,1,1,29,1,108434,1,2,1
352,0,0,38,1,151312,2,1,2
353,0,0,28,0,141847,1,1,2
354,0,0,46,1,130675,1,2,2
355,0,0,23,0,69309,0,0,3
356,0,0,49,1,121466,1,2,2
357,0,0,26,0,153586,2,2,2
358,0,1,28,1,92849,1,0,1
359,1,1,23,1,108539,1,2,1
360,0,0,61,2,129556,1,2,4
361,0,0,37,1,170146,2,0,2
362,1,1,36,1,135383,1,1,1
363,0,1,21,1,96769,1,2,2
364,0,0,25,0,43684,0,0,3
365,0,0,36,1,103521,1,0,3
366,0,0,27,0,118499,1,1,2
367,1,1,22,1,119684,1,2,1
368,0,0,42,1,126586,1,1,2
369,1,1,40,2,136812,1,2,4
370,0,0,36,1,118277,1,1,2
371,0,0,33,1,144597,1,1,2
372,1,1,23,1,106043,1,0,1
373,0,0,63,2,272314,2,2,4
374,1,1,60,2,309364,2,2,4
375,1,1,37,1,170386,1,1,1
376,0,1,34,1,112458,1,0,1
377,0,0,36,1,96840,1,1,2
378,0,0,57,2,281923,2,1,4
379,1,1,52,2,95551,0,0,4
380,0,0,39,1,112347,1,2,2
381,1,1,38,1,260977,2,2,2
382,1,1,25,1,99354,1,0,1
383,0,0,26,0,111509,1,2,2
384,0,0,26,0,105252,0,0,3
385,1,1,25,1,108522,1,0,1
386,1,1,21,1,94655,1,1,1
387,0,0,40,1,201699,2,1,2
388,0,0,27,0,139868,1,2,2
389,1,1,27,1,102543,1,1,1
390,0,1,30,1,134467,2,2,2
391,1,1,19,1,111187,0,0,1
392,0,0,39,1,152302,2,1,2
393,1,1,31,1,110610,1,2,1
394,0,0,31,0,137827,2,2,2
395,0,0,32,0,220923,1,2,2
396,1,1,55,2,165717,2,2,4
397,0,1,46,2,122299,1,0,4
398,0,1,46,2,120499,1,0,4
399,1,1,43,2,126449,0,0,4
400,0,1,39,1,108315,1,2,2
401,0,1,28,1,112515,1,1,1
402,0,0,27,0,164559,1,1,2
403,0,0,27,0,59238,0,0,3
404,0,0,43,1,131133,1,0,2
405,0,1,22,1,109188,1,0,1
406,0,0,43,1,115393,1,1,2
407,0,1,27,1,94711,1,2,2
408,0,1,26,1,171860,2,0,2
409,0,1,28,1,139414,1,2,2
410,1,1,20,1,110931,1,1,1
411,0,0,35,1,187549,2,2,2
412,0,0,42,1,145508,2,0,2
413,0,0,40,1,104240,0,0,3
414,1,1,35,1,108272,1,1,1
415,0,0,35,1,144004,1,2,2
416,0,0,33,1,81083,0,0,3
417,1,1,23,1,166763,1,1,1
418,1,1,31,1,175530,2,1,1
419,1,1,33,1,112422,1,1,1
420,1,1,20,1,154134,1,2,1
421,0,0,30,0,112401,1,1,2
422,0,0,47,1,85690,0,0,3
423,0,0,34,1,145896,2,2,2
424,1,1,25,1,122552,1,2,1
425,0,1,21,1,115494,1,2,2
426,0,0,29,0,109467,1,0,3
427,0,0,46,1,148226,1,2,2
428,0,0,20,0,88559,1,1,3
429,1,1,55,2,62393,0,0,4
430,0,0,74,2,122133,0,0,4
431,0,0,29,0,230883,2,2,2
432,0,0,36,1,136689,2,2,2
433,0,1,33,1,109145,1,0,1
434,0,0,25,0,100449,1,2,2
435,0,1,25,1,106253,1,0,1
436,0,1,23,1,84747,0,0,3
437,1,1,37,1,149465,1,1,1
438,0,0,65,2,84435,0,0,4
439,1,1,26,1,51681,0,0,1
440,0,0,39,1,139198,2,1,2
441,1,1,30,1,106577,1,1,1
442,0,0,29,0,117372,1,2,2
443,0,0,41,1,69609,0,0,3
444,1,1,30,1,178947,2,2,2
445,1,1,41,2,81743,0,0,4
446,1,1,34,1,111900,1,1,1
447,0,0,35,1,121650,1,0,3
448,1,1,55,2,172639,2,2,4
449,0,1,61,2,175740,1,1,4
450,0,0,30,0,220050,2,2,2
451,1,1,29,1,95200,1,1,1
452,0,0,34,1,113609,1,1,2
453,0,0,35,1,143552,2,2,2
454,0,0,31,0,130973,1,2,2
455,1,1,29,1,145946,2,2,2
456,0,0,36,1,126206,1,1,2
457,0,0,35,1,120426,1,0,3
458,1,1,27,1,91925,1,2,1
459,0,0,32,0,129630,1,2,2
460,0,0,37,1,124268,1,2,2
461,0,0,36,1,105240,1,1,2
462,1,1,34,1,162180,2,0,1
463,0,0,38,1,106552,1,2,2
464,0,0,34,1,105843,1,2,2
465,0,0,63,2,138327,1,1,4
466,1,1,29,1,76154,0,0,1
467,0,0,32,0,155012,1,1,2
468,1,1,26,1,114369,1,1,1
469,0,0,35,1,102839,0,0,3
470,0,1,22,1,132796,1,0,1
471,1,1,23,1,89742,1,2,1
472,0,0,28,0,58615,0,0,3
473,0,0,36,1,130603,2,2,2
474,0,1,33,1,110340,1,0,1
475,1,1,26,1,117729,1,2,1
476,0,0,24,0,130808,1,0,3
477,0,0,25,0,147402,1,2,2
478,0,0,39,1,93567,0,0,3
479,0,0,44,1,109289,1,1,2
480,1,1,23,1,98742,0,0,1
481,0,0,26,0,101270,1,0,3
482,1,1,57,2,187835,1,1,4
483,1,1,30,1,140741,1,0,1
484,0,0,44,1,133265,1,2,2
485,0,0,47,1,148100,2,2,2
486,0,0,52,1,131021,1,2,2
487,1,1,62,2,152620,1,2,4
488,0,0,35,1,85033,0,0,3
489,0,0,26,0,114514,1,1,2
490,0,0,26,0,99307,1,1,2
491,1,1,42,2,219451,2,2,4
492,1,1,27,1,114007,1,0,1
493,0,0,38,1,102846,1,0,3
494,0,0,39,1,81483,0,0,3
495,0,1,20,1,107779,1,2,2
496,0,0,29,0,222360,2,2,2
497,0,0,40,1,107125,1,0,3
498,0,1,32,1,80080,0,0,3
499,0,1,28,1,129600,1,0,1
500,1,1,27,1,118613,1,1,1
501,0,0,42,1,146237,1,1,2
502,0,1,49,2,144461,1,2,4
503,0,0,38,1,124487,1,0,3
504,1,1,24,1,97826,1,0,1
505,0,0,27,0,64105,0,0,3
506,0,0,36,1,156374,1,2,2
507,0,0,34,1,205383,2,2,2
508,0,1,28,1,98964,1,2,2
509,0,0,45,1,221842,2,2,2
510,0,0,26,0,88027,1,2,2
511,0,0,32,0,160513,2,2,2
512,0,0,26,0,124536,1,2,2
513,0,1,20,1,93634,1,0,1
514,0,0,54,1,124725,1,0,2
515,1,1,37,1,102456,1,0,1
516,0,0,40,1,74975,0,0,3
517,1,1,23,1,153861,1,1,1
518,0,0,43,1,119351,1,2,2
519,0,0,36,1,95438,1,2,2
520,0,0,44,1,147967,1,2,2
521,1,1,24,1,116863,1,1,1
522,0,0,53,1,170622,1,1,2
523,1,1,23,1,132426,1,1,1
524,1,1,26,1,77519,0,0,1
525,0,0,30,0,169405,1,2,2
526,1,1,31,1,120030,1,0,1
527,0,0,42,1,77933,0,0,3
528,0,1,31,1,109892,1,1,1
529,0,0,41,1,69062,0,0,3
530,0,0,32,0,116348,1,0,3
531,1,1,28,1,137188,1,1,1
532,0,1,41,1,110199,1,0,1
533,0,1,26,1,109890,1,1,1
534,0,0,25,0,109751,1,2,2
535,0,1,33,1,129651,1,1,2
536,1,1,75,3,170113,2,1,4
537,1,1,37,1,140285,1,1,1
538,0,0,42,1,198029,2,2,2
539,1,1,45,2,120262,0,0,4
540,0,1,23,1,105137,1,1,1
541,0,0,60,2,127371,1,0,4
542,0,0,31,0,145689,1,0,2
543,0,0,34,1,102617,0,1,3
544,0,0,61,2,90709,0,0,4
545,0,0,43,1,107099,1,1,2
546,1,1,37,1,116021,1,2,1
547,0,0,32,0,100426,1,2,2
548,1,1,24,1,62249,0,0,1
549,0,0,35,1,172957,1,1,2
550,1,1,23,1,95003,1,1,1
551,0,0,45,1,109698,0,0,3
552,0,1,34,1,157376,1,0,1
553,0,0,27,0,123191,1,2,2
554,1,1,67,3,171052,2,0,4
555,0,0,22,0,99328,1,0,3
556,1,1,28,1,133799,1,2,1
557,1,1,29,1,138256,1,2,1
558,0,0,27,0,115638,1,0,3
559,0,0,31,0,82238,0,0,3
560,0,0,49,1,127543,1,1,2
561,0,0,24,0,63987,0,0,3
562,1,1,29,1,114784,1,0,1
563,0,0,37,1,217450,1,1,2
564,0,0,37,1,173751,2,2,2
565,1,1,23,1,122850,1,0,1
566,0,1,36,1,104953,1,0,1
567,0,0,34,1,152371,1,1,2
568,0,0,41,1,139905,1,0,2
569,1,1,31,1,156700,1,1,1
570,1,1,23,1,86488,0,0,1
571,0,0,38,1,147472,1,0,2
572,1,1,26,1,169991,2,0,1
573,1,1,22,1,62381,0,0,1
574,0,0,27,0,70926,0,0,3
575,1,1,24,1,113004,1,1,1
576,1,1,27,1,125760,1,0,1
577,1,1,33,1,111918,1,2,1
578,0,1,27,1,120674,1,1,1
579,0,1,27,1,63597,0,0,3
580,0,0,30,0,103069,1,1,2
581,0,0,49,1,108079,0,0,3
582,1,1,26,1,101159,1,1,1
583,0,0,33,1,88211,0,0,3
584,1,1,52,2,159052,2,1,4
585,1,1,20,1,102623,1,2,1
586,0,0,36,1,115589,1,0,3
587,0,0,21,0,59127,0,0,3
588,0,1,47,2,82240,0,0,4
589,0,0,60,2,129425,1,1,4
590,1,1,58,2,87058,0,0,4
591,1,1,42,2,128462,1,2,4
592,1,1,36,1,121403,0,0,1
593,1,1,20,1,88141,0,0,1
594,0,0,40,1,134946,2,2,2
595,1,1,32,1,94058,0,0,1
596,1,1,23,1,99285,1,1,1
597,0,0,36,1,108432,0,0,3
598,0,0,31,0,111369,1,0,3
599,0,0,32,0,122612,1,2,2
600,1,1,45,2,134350,1,0,4
601,1,1,30,1,108838,1,2,1
602,1,1,34,1,90852,0,0,1
603,1,1,28,1,151580,2,2,2
604,1,1,23,1,115681,1,1,1
605,0,0,22,0,131699,1,1,2
606,0,0,74,2,192481,2,1,4
607,1,1,50,2,155122,1,2,4
608,0,0,33,1,106015,1,2,2
609,0,0,45,1,108378,1,0,3
610,1,1,22,1,105257,1,1,1
611,1,1,48,2,118788,0,0,4
612,1,1,29,1,162955,1,2,1
613,1,1,22,1,119511,1,2,1
614,1,1,22,1,102000,1,0,1
615,0,0,48,1,254449,2,1,2
616,0,0,27,0,208446,2,2,2
617,0,0,37,1,124805,1,0,3
618,1,1,21,1,139379,1,0,1
619,0,1,49,2,78296,0,0,4
620,0,0,27,0,125598,1,1,2
621,0,0,32,0,100215,1,2,2
622,0,1,38,1,130951,1,2,2
623,1,1,22,1,102480,1,2,1
624,0,0,65,2,136812,1,1,4
625,0,0,35,1,106919,1,1,2
626,0,0,41,1,131020,1,2,2
627,0,0,29,0,119429,1,1,2
628,0,0,36,1,154521,1,1,2
629,0,0,64,2,117842,0,0,4
630,1,1,28,1,124566,1,2,1
631,0,0,44,1,110009,1,2,2
632,0,0,23,0,101210,1,1,2
633,1,1,19,1,101258,1,0,1
634,1,1,25,1,79045,0,0,1
635,0,0,47,1,110866,1,0,3
636,1,1,28,1,129640,1,2,1
637,0,0,21,0,227021,1,1,2
638,1,1,34,1,108549,1,1,1
639,0,0,26,0,122693,1,0,3
640,1,1,27,1,35832,0,0,1
641,0,0,38,1,81870,0,0,3
642,0,0,40,1,179790,2,2,2
643,0,1,33,1,107158,1,1,1
644,0,1,32,1,136638,2,1,2
645,0,0,27,0,158147,1,2,2
646,0,1,32,1,132587,1,2,2
647,1,1,26,1,128140,1,2,1
648,0,0,38,1,117405,1,1,2
649,0,0,40,1,68475,0,0,3
650,0,0,50,1,201656,2,2,2
651,0,0,37,1,86967,0,0,3
652,0,0,45,1,118006,1,1,2
653,0,0,42,1,223630,2,2,2
654,0,0,35,1,110442,1,0,3
655,0,0,22,0,115691,1,2,2
656,0,0,41,1,80232,0,0,3
657,0,0,37,1,187647,1,1,2
658,1,1,28,1,138952,1,1,1
659,0,0,41,1,162772,1,2,2
660,0,1,23,1,111862,1,1,1
661,0,1,23,1,90051,1,1,1
662,0,0,50,1,121400,1,1,2
663,0,0,35,1,137000,2,2,2
664,1,1,50,2,105031,0,0,4
665,0,0,27,0,172153,2,2,2
666,0,0,34,1,170184,1,1,2
667,1,1,27,1,123279,1,1,1
668,0,0,43,1,140795,1,0,2
669,0,0,47,1,144456,1,0,2
670,0,0,27,0,104773,0,0,3
671,0,0,31,0,153353,1,1,2
672,0,0,42,1,223018,2,1,2
673,0,1,24,1,129177,1,2,2
674,0,0,41,1,114475,0,1,3
675,1,1,26,1,161323,2,1,1
676,0,0,33,1,135765,1,2,2
677,0,1,24,1,158421,1,0,1
678,0,0,64,2,103941,0,0,4
679,1,1,26,1,101783,1,2,1
680,1,1,56,2,126531,1,1,4
681,0,0,37,1,111394,1,1,2
682,0,1,33,1,103577,1,2,2
683,0,1,47,2,149545,1,1,4
684,0,0,31,0,171857,0,0,3
685,0,0,34,1,149782,1,1,2
686,0,0,27,0,112470,1,1,2
687,0,0,30,0,133907,1,2,2
688,0,0,35,1,127849,1,1,2
689,0,0,31,0,160279,1,2,2
690,0,1,25,1,92366,1,2,2
691,1,1,25,1,104794,0,0,1
692,0,0,29,0,133436,1,1,2
693,0,0,44,1,110374,0,0,3
694,0,0,28,0,104263,1,1,2
695,0,0,50,1,138752,1,0,2
696,0,0,29,0,102723,1,0,3
697,1,1,38,1,46297,0,0,1
698,0,0,24,0,96425,1,1,2
699,0,0,40,1,158197,2,1,2
700,1,1,29,1,98008,0,0,1
701,0,0,46,1,157473,1,0,2
702,1,1,47,2,149306,1,0,4
703,0,0,41,1,139236,1,1,2
704,1,1,32,1,125890,1,2,1
705,1,1,35,1,173124,1,1,1
706,0,0,24,0,164621,1,1,2
707,1,1,25,1,124539,1,1,1
708,1,1,25,1,107614,1,1,1
709,0,0,37,1,88849,0,0,3
710,0,0,32,0,148566,2,2,2
711,1,1,35,1,106515,1,2,1
712,0,0,46,1,150465,2,1,2
713,0,0,25,0,60868,0,0,3
714,0,0,27,0,255198,2,2,2
715,0,0,63,2,183178,1,1,4
716,0,0,40,1,121448,1,2,2
717,0,0,32,0,129975,2,2,2
718,0,0,31,0,132950,1,2,2
719,0,1,31,1,169314,1,1,2
720,0,0,34,1,147958,2,1,2
721,1,1,24,1,139896,1,2,1
722,1,1,24,1,68028,0,0,1
723,1,1,66,3,133328,0,0,4
724,1,1,21,1,108518,1,2,1
725,1,1,41,2,112700,0,0,4
726,0,1,47,2,110190,0,0,4
727,1,1,25,1,105104,1,1,1
728,1,1,59,2,184753,1,1,4
729,0,1,36,1,162521,1,2,2
730,0,0,33,1,156794,1,1,2
731,0,0,21,0,65827,0,0,3
732,1,1,44,2,88490,0,0,4
733,1,1,28,1,154919,1,2,1
734,1,1,37,1,129058,1,0,1
735,1,1,29,1,77532,0,0,1
736,1,1,23,1,235417,2,2,2
737,0,0,35,1,113468,0,0,3
738,0,0,45,1,190803,2,2,2
739,1,1,26,1,121423,0,0,1
740,0,0,32,0,121347,1,1,2
741,0,0,23,0,67408,0,0,3
742,0,0,41,1,123043,1,1,2
743,0,0,22,0,128387,1,2,2
744,0,0,30,0,250050,2,1,2
745,0,0,28,0,69588,0,0,3
746,1,1,23,1,109547,1,1,1
747,1,1,37,1,78840,0,0,1
748,0,0,26,0,131122,1,0,3
749,0,0,33,1,115403,1,1,2
750,1,1,49,2,110291,1,2,4
751,1,1,23,1,64811,0,0,1
752,1,1,23,1,86015,0,0,1
753,1,1,25,1,142438,1,2,1
754,0,0,55,1,159303,1,1,2
755,1,1,32,1,104957,1,1,1
756,0,0,74,2,89502,0,0,4
757,0,0,39,1,121313,1,1,2
758,0,0,31,0,98102,1,0,3
759,0,0,35,1,94554,1,1,2
760,1,1,59,2,162591,1,1,4
761,1,1,24,1,106629,1,2,1
762,0,0,24,0,70400,0,0,3
763,0,0,30,0,235660,2,2,2
764,0,1,27,1,121747,1,2,2
765,0,1,40,1,85060,0,0,3
766,0,1,31,1,87630,0,0,3
767,1,1,31,1,119673,1,0,1
768,0,0,28,0,126060,1,2,2
769,0,0,63,2,96145,0,0,4
770,1,1,26,1,114830,1,0,1
771,1,1,25,1,194461,2,2,2
772,0,0,36,1,150158,2,2,2
773,0,0,52,1,136323,1,2,2
774,0,0,66,2,111858,0,0,4
775,1,1,25,1,100198,1,0,1
776,0,0,37,1,123452,1,2,2
777,1,1,25,1,120723,1,1,1
778,0,0,38,1,215639,2,1,2
779,1,1,67,3,166712,1,1,4
780,0,0,25,0,136300,1,1,2
781,0,0,60,2,166988,1,2,4
782,0,0,31,0,77265,0,0,3
783,1,1,23,1,85967,0,0,1
784,0,1,60,2,212020,2,0,4
785,0,0,35,1,126054,0,0,3
786,0,0,40,1,144589,1,0,2
787,0,0,38,1,116723,1,1,2
788,0,0,50,1,168637,1,1,2
789,0,0,27,0,139119,1,1,2
790,1,1,39,2,118610,1,2,4
791,0,0,41,1,183312,2,2,2
792,0,1,27,1,96323,1,0,1
793,0,1,51,2,149510,1,2,4
794,0,0,32,0,141922,1,2,2
795,1,1,22,1,120233,1,0,1
796,0,0,51,1,172790,1,1,2
797,1,1,22,1,66720,0,0,1
798,0,1,54,2,113024,1,1,4
799,0,0,35,1,51791,0,0,3
800,0,0,54,1,118408,1,2,2
801,1,1,48,2,101616,0,0,4
802,1,1,24,1,127250,1,0,1
803,0,0,35,1,97290,1,0,3
804,1,1,24,1,106970,0,0,1
805,0,0,24,0,168147,1,2,2
806,0,1,26,1,68468,0,0,3
807,0,0,65,2,120780,1,2,4
808,0,0,55,1,231992,2,2,2
809,1,1,26,1,53903,0,0,1
810,0,1,26,1,101511,1,2,2
811,0,1,28,1,69046,0,0,3
812,0,0,24,0,171584,1,1,2
813,0,0,54,1,132367,1,2,2
814,0,0,46,1,134433,1,2,2
815,1,1,54,2,190518,1,0,4
816,0,1,62,2,152367,1,1,4
817,1,1,24,1,101157,1,1,1
818,0,1,43,2,279593,2,2,4
819,0,1,26,1,96716,1,2,2
820,0,1,27,1,95171,1,0,1
821,0,1,24,1,129162,1,2,2
822,0,0,41,1,118742,1,0,3
823,0,0,47,1,74511,0,0,3
824,0,1,35,1,157272,2,1,2
825,0,1,30,1,102374,1,0,1
826,1,1,33,1,131492,1,0,1
827,0,0,36,1,128702,1,2,2
828,0,0,47,1,177509,1,2,2
829,0,0,38,1,163451,1,1,2
830,0,0,44,1,144900,1,1,2
831,1,1,23,1,97115,1,2,1
832,0,0,29,0,196568,1,2,2
833,1,1,42,2,158405,1,0,4
834,1,1,25,1,97376,0,0,1
835,0,0,48,1,108678,1,1,2
836,1,1,21,1,92351,1,0,1
837,1,1,23,1,61211,0,0,1
838,0,0,63,2,138644,1,0,4
839,0,1,46,2,124824,1,2,4
840,0,0,29,0,132852,1,0,3
841,0,0,28,0,81069,0,0,3
842,1,1,23,1,104094,1,2,1
843,0,0,50,1,114853,1,0,3
844,0,0,47,1,130344,1,2,2
845,0,0,35,1,135090,1,0,2
846,0,0,68,2,179151,1,2,4
847,0,1,28,1,97390,1,1,1
848,0,0,59,2,120160,1,0,4
849,0,0,57,2,82277,0,0,4
850,0,1,33,1,110844,1,2,2
851,0,0,43,1,133105,1,0,2
852,0,0,35,1,102042,1,0,3
853,0,0,32,0,69370,0,0,3
854,0,0,45,1,200298,1,1,2
855,0,1,33,1,117039,1,2,2
856,1,1,40,2,107585,1,2,4
857,0,0,28,0,114429,1,0,3
858,1,1,29,1,128234,1,2,1
859,0,0,26,0,128580,1,2,2
860,0,0,27,0,177757,1,1,2
861,0,1,28,1,106222,1,0,1
862,1,1,35,1,118428,1,2,1
863,0,0,32,0,139477,0,0,3
864,0,0,25,0,71159,0,0,3
865,1,1,20,1,131370,1,2,1
866,1,1,27,1,111567,1,2,1
867,0,0,42,1,125482,1,2,2
868,0,0,37,1,160642,1,2,2
869,1,1,24,1,92498,1,0,1
870,1,1,40,2,199711,1,2,4
871,0,0,46,1,127588,1,2,2
872,0,0,26,0,107508,1,2,2
873,1,1,24,1,94629,1,2,1
874,0,0,29,0,87598,0,2,3
875,1,1,40,2,161194,1,1,4
876,0,0,36,1,137342,2,2,2
877,0,0,28,0,116848,1,1,2
878,0,0,27,0,125190,2,1,2
879,0,0,36,1,153441,1,0,2
880,0,0,38,1,195328,2,2,2
881,0,1,48,2,190413,1,0,4
882,0,0,36,1,118656,1,1,2
883,1,1,65,3,69487,0,0,4
884,0,1,43,2,145313,1,1,4
885,1,1,53,2,117005,1,1,4
886,0,0,34,1,123243,1,1,2
887,0,0,23,0,237799,1,1,2
888,0,0,34,1,180617,2,2,2
889,0,0,40,1,167019,1,0,2
890,0,0,43,1,147745,2,2,2
891,0,0,46,1,114254,1,1,2
892,0,0,38,1,81155,0,0,3
893,0,0,34,1,151803,1,2,2
894,0,0,29,0,94356,1,2,2
895,0,0,31,0,200621,2,2,2
896,1,1,28,1,144448,2,1,1
897,1,1,35,1,150797,1,0,1
898,1,1,33,1,84404,0,0,1
899,0,0,42,1,133373,1,2,2
900,0,0,43,1,119502,1,2,2
901,0,1,44,2,131619,1,0,4
902,0,0,42,1,194084,1,2,2
903,0,1,40,1,108278,1,1,2
904,0,0,36,1,130987,2,1,2
905,0,0,20,0,116582,2,2,2
906,0,0,24,0,85270,0,0,3
907,0,1,27,1,129227,1,0,1
908,1,1,46,2,108291,0,0,4
909,1,1,33,1,103091,0,0,1
910,1,1,34,1,136975,1,1,1
911,1,1,25,1,111502,0,0,1
912,1,1,25,1,124750,1,1,1
913,0,1,28,1,146463,1,2,2
914,0,0,31,0,115075,1,0,3
915,1,1,32,1,308491,2,1,2
916,0,0,32,0,126368,1,0,3
917,0,0,68,2,287247,2,2,4
918,0,1,33,1,125535,1,2,2
919,0,0,39,1,153223,2,2,2
920,1,1,28,1,106873,1,1,1
921,0,0,37,1,268906,2,1,2
922,1,1,22,1,97757,1,2,1
923,0,0,30,0,112151,1,1,2
924,0,1,55,2,172909,1,0,4
925,0,0,46,1,103387,1,1,2
926,1,1,21,1,93916,1,2,1
927,0,0,39,1,189963,1,2,2
928,0,0,58,2,124191,1,0,4
929,0,0,43,1,77205,0,0,3
930,0,0,24,0,65917,0,0,3
931,1,1,22,1,109676,1,0,1
932,0,0,30,0,95682,1,2,2
933,0,0,42,1,125516,1,2,2
934,1,1,23,1,99822,1,0,1
935,0,0,30,0,154854,2,1,2
936,1,1,28,1,84582,0,0,1
937,0,1,30,1,145800,2,0,2
938,0,0,42,1,162869,1,1,2
939,0,0,46,1,192379,2,2,2
940,0,0,45,1,159757,2,2,2
941,0,0,31,0,69571,0,0,3
942,0,0,31,0,93648,1,2,2
943,0,0,42,1,77472,0,0,3
944,1,1,46,2,121501,1,0,4
945,1,1,30,1,207262,1,0,1
946,0,0,30,0,143082,1,2,2
947,0,0,38,1,147760,2,1,2
948,0,1,43,2,82082,0,0,4
949,0,0,31,0,132991,1,1,2
950,0,1,40,1,78436,0,0,3
951,0,0,24,0,99737,1,2,2
952,1,1,28,1,164915,1,0,1
953,1,1,26,1,223185,2,1,2
954,1,1,29,1,108400,1,2,1
955,1,1,57,2,194882,2,1,4
956,0,0,49,1,122186,0,0,3
957,0,0,37,1,79594,0,0,3
958,0,0,45,1,104355,0,0,3
959,0,0,30,0,135894,1,2,2
960,0,1,30,1,103699,1,1,1
961,0,1,47,2,132145,1,1,4
962,0,0,29,0,117272,1,2,2
963,0,0,35,1,137932,1,0,2
964,0,1,22,1,63972,0,0,3
965,1,1,26,1,113299,1,2,1
966,0,0,23,0,108540,0,0,3
967,1,1,54,2,174424,2,2,4
968,0,1,29,1,154991,1,2,2
969,0,0,40,1,99723,0,0,3
970,0,0,22,0,114584,1,2,2
971,0,0,43,1,135275,0,0,3
972,1,1,29,1,41680,0,0,1
973,0,0,36,1,158769,1,1,2
974,1,1,33,1,120596,1,0,1
975,1,1,57,2,139641,0,0,4
976,1,1,64,3,134377,1,0,4
977,0,0,42,1,125804,1,2,2
978,0,0,47,1,91858,0,0,3
979,0,1,25,1,117641,1,2,2
980,0,0,49,1,188594,1,1,2
981,0,0,33,1,162827,2,2,2
982,1,1,28,1,178991,2,2,2
983,0,0,26,0,159739,1,1,2
984,0,0,30,0,73401,0,0,3
985,1,1,25,1,100794,1,2,1
986,0,1,33,1,167763,1,1,2
987,1,1,64,3,145174,1,0,4
988,0,0,29,0,176292,2,1,2
989,0,0,48,1,94024,0,0,3
990,0,0,37,1,93740,0,0,3
991,0,0,34,1,85685,0,0,3
992,0,1,23,1,69997,0,0,3
993,0,0,30,0,151938,2,2,2
994,0,0,50,1,122830,1,1,2
995,1,1,31,1,78489,0,0,1
996,0,1,40,1,161999,2,1,2
997,0,0,38,1,98032,1,2,2
998,0,0,23,0,96060,1,0,3
999,0,0,27,0,147968,1,1,2
1000,1,1,63,2,134853,1,1,4
1001,0,0,66,2,157576,2,2,4
1002,0,1,43,2,203738,2,1,4
1003,0,1,44,2,280570,2,2,4
1004,0,1,65,3,69487,0,2,4
1005,1,1,73,3,214126,2,1,4
1006,0,0,60,2,136671,1,1,4
1007,0,1,62,2,174337,1,1,4
1008,1,1,58,2,126710,1,1,4
1009,1,1,43,2,167139,2,2,4
1010,0,0,64,2,122094,1,2,4
1011,0,1,37,3,170113,2,2,4
1012,1,1,46,2,192698,2,1,4
1013,0,1,57,2,144197,1,2,4
1014,0,1,51,2,133623,1,1,4
1015,1,1,32,3,171052,2,2,4
1016,0,0,64,2,130492,1,2,4
1017,0,0,68,2,135705,1,1,4
1018,1,1,55,2,171804,2,2,4
1019,0,0,73,2,192167,2,1,4
1020,1,1,34,3,134377,1,2,4
1021,0,1,44,2,146716,1,1,4
1022,0,0,58,2,267872,1,1,4
1023,1,1,65,2,142193,0,1,4
1024,1,1,56,2,183765,1,1,4
1025,1,1,42,2,218664,2,2,4
1026,1,1,65,3,145174,1,2,4
1027,0,0,72,2,224961,2,2,4
1028,1,1,45,2,262634,2,2,4
1029,0,0,68,2,287106,2,2,4
1030,0,0,60,2,166298,2,1,4
1031,1,1,30,3,133328,0,2,4
1032,0,0,63,2,129798,1,1,4
1033,0,0,57,2,281084,2,1,4
1034,1,1,46,2,160678,1,2,4
1035,1,1,70,3,167532,1,1,4
1036,0,0,65,2,178591,1,2,4
1037,0,0,63,2,273063,2,2,4
1038,0,1,54,2,149410,1,2,4
1039,0,1,49,2,124658,1,2,4
1040,1,1,64,2,153645,1,2,4
1041,1,1,61,2,308529,2,2,4
1042,1,1,57,2,155062,1,2,4
1043,1,1,42,2,199654,1,2,4
1044,0,0,62,2,124723,1,2,4
1045,1,1,41,2,127752,1,2,4
1046,1,1,51,2,157595,2,1,4
1047,1,1,38,2,135534,1,2,4
1048,1,1,56,2,166264,2,2,4
1049,1,1,43,2,147259,1,1,4
1050,1,1,48,2,161116,1,1,4
1051,0,0,61,2,139380,1,1,4
1052,0,1,48,2,213768,2,2,4
1053,0,0,68,2,125903,1,2,4
1054,1,1,62,2,163940,1,1,4
1055,1,1,56,2,173378,2,2,4
1056,1,1,53,2,126847,1,1,4
1057,0,1,33,3,166712,1,2,4
1058,1,1,60,2,189166,1,1,4
1059,1,1,47,2,161714,1,1,4
1060,0,1,25,3,214364,2,2,4
1061,0,0,64,2,184680,1,1,4
1062,0,0,73,2,214732,2,1,4
1063,0,1,66,2,152527,1,1,4
1064,1,1,76,3,170366,2,1,4
1065,1,1,60,2,194532,2,1,4
1066,1,1,57,2,125883,1,2,4
1067,0,1,30,3,131242,1,2,4
1068,0,1,43,2,159880,2,1,4
1069,0,0,57,2,165519,1,2,4
1070,0,1,51,2,149653,1,1,4
1071,1,1,61,2,134102,1,1,4
1072,0,0,64,2,159378,2,2,4
1073,0,1,41,2,205476,2,1,4
1074,0,1,43,2,280566,2,2,4
1075,0,1,67,3,71823,0,2,4
1076,1,1,71,3,211572,2,1,4
1077,0,0,59,2,136123,1,1,4
1078,0,1,60,2,176372,1,1,4
1079,1,1,60,2,128271,1,1,4
1080,1,1,45,2,169020,2,2,4
1081,0,0,63,2,122267,1,2,4
1082,0,1,38,3,169324,2,2,4
1083,1,1,46,2,192561,2,1,4
1084,0,1,55,2,145781,1,2,4
1085,0,1,50,2,135376,1,1,4
1086,1,1,30,3,169002,2,2,4
1087,0,0,63,2,128469,1,2,4
1088,0,0,67,2,135567,1,1,4
1089,1,1,54,2,170644,2,2,4
1090,0,0,71,2,192360,2,1,4
1091,1,1,32,3,133235,1,2,4
1092,1,1,45,2,260847,2,2,4
1093,0,0,65,2,285647,2,2,4
1094,0,0,62,2,164816,2,1,4
1095,1,1,28,3,130148,0,2,4
1096,0,0,65,2,129838,1,1,4
1097,0,0,57,2,281647,2,1,4
1098,1,1,48,2,157305,1,2,4
1099,1,1,71,3,163654,1,1,4
1100,0,0,38,1,82398,1,1,3
1101,0,1,40,1,107710,1,1,2
1102,0,0,49,1,122346,1,1,2
1103,0,1,32,1,155540,2,1,2
1104,0,0,45,1,127572,1,1,2
1105,0,0,40,1,154031,2,1,2
1106,0,0,66,2,164931,2,2,4
1107,0,0,38,1,123003,1,2,2
1108,0,1,20,1,89605,1,1,1
1109,0,0,48,1,117721,1,1,2
1110,0,1,46,2,168904,2,1,4
1111,0,0,32,1,137576,2,2,2
1112,0,0,54,1,111274,1,1,2
1113,0,1,24,1,94249,2,2,2
1114,0,1,27,1,180940,2,1,2
1115,0,0,57,1,125032,1,2,2
1116,0,0,38,1,138011,2,1,2
1117,0,0,40,1,144850,1,1,2
1118,0,1,20,1,107270,1,2,2
1119,0,0,36,1,113405,2,2,2
1120,0,0,47,1,137338,1,2,2
1121,0,0,64,2,125119,0,2,4
1122,0,0,42,1,159745,2,2,2
1123,0,0,44,1,181262,2,2,2
1124,0,1,30,1,90500,2,2,2
1125,0,0,37,1,102733,1,1,2
1126,0,0,42,1,135493,1,2,2
1127,0,1,62,2,169044,1,1,4
1128,0,0,49,1,178549,1,2,2
1129,0,0,52,1,159716,1,2,2
1130,0,1,36,1,170118,2,1,2
1131,0,0,49,1,143886,0,1,2
1132,0,0,42,1,130164,2,2,2
1133,0,0,38,1,114476,1,1,2
1134,0,0,50,1,126143,1,1,2
1135,0,1,34,1,129654,2,2,2
1136,0,0,43,1,123202,1,2,2
1137,0,0,40,1,160524,1,1,2
1138,0,0,56,2,126906,1,1,4
1139,0,0,41,1,143994,2,2,2
1140,0,1,30,1,123517,2,2,2
1141,0,1,28,1,129055,1,2,2
1142,0,0,64,2,136312,0,2,4
1143,0,0,67,2,112486,1,2,4
1144,0,0,37,1,152401,2,1,2
1145,0,0,31,1,157453,2,1,2
1146,0,0,32,1,142870,2,2,2
1147,0,1,52,2,137231,1,2,4
1148,0,1,31,1,104406,1,1,1
1149,0,0,36,1,145385,2,1,2
1150,0,1,32,1,146519,2,1,2
1151,0,0,51,1,126227,1,2,2
1152,0,0,47,1,112227,2,1,2
1153,0,1,34,1,110145,1,2,2
1154,0,1,46,2,149419,1,1,4
1155,0,1,42,1,176646,1,1,2
1156,0,0,39,1,91019,2,1,2
1157,0,0,50,1,169579,1,2,2
1158,0,0,42,1,142305,1,2,2
1159,0,1,36,1,130602,1,1,2
1160,0,1,18,1,98992,1,1,1
1161,0,0,35,1,181926,2,2,2
1162,0,0,38,1,152864,1,2,2
1163,0,0,39,1,135837,2,2,2
1164,0,1,24,1,121757,0,2,1
1165,0,0,41,1,182274,1,1,2
1166,0,0,36,1,149040,2,2,2
1167,0,0,37,1,154196,2,2,2
1168,0,1,45,2,135332,1,1,4
1169,0,0,41,1,134200,2,2,2
1170,0,0,36,1,177171,2,2,2
1171,0,0,38,1,115964,0,2,2
1172,0,0,38,1,136871,0,1,3
1173,0,1,53,2,159559,2,2,4
1174,0,0,35,1,113878,1,2,2
1175,0,0,48,1,171203,2,2,2
1176,0,0,36,1,102180,1,2,2
1177,0,1,22,1,116844,2,1,2
1178,0,0,35,1,139844,2,2,2
1179,0,0,42,1,156431,0,1,2
1180,0,0,39,1,116137,0,1,3
1181,0,0,31,1,143081,1,1,2
1182,0,0,33,1,155870,2,2,2
1183,0,1,31,1,106924,0,1,1
1184,0,0,42,1,102133,1,1,2
1185,0,0,61,2,145227,0,1,4
1186,0,0,38,1,159500,2,2,2
1187,0,0,33,1,98498,0,1,3
1188,0,0,48,1,159714,1,2,2
1189,0,0,31,1,121852,0,1,3
1190,0,0,52,1,141271,2,2,2
1191,0,1,27,1,123213,1,2,2
1192,0,0,40,1,143723,2,1,2
1193,0,0,34,1,112538,0,1,3
1194,0,1,26,1,97932,2,2,2
1195,0,0,30,1,154003,0,1,2
1196,0,0,53,1,177179,1,1,2
1197,0,0,45,1,128052,1,2,2
1198,0,0,32,1,114617,2,1,2
1199,0,0,35,1,182822,2,2,2
1200,0,1,26,1,177215,1,2,2
1201,0,0,30,1,110929,1,1,2
1202,0,0,37,1,111821,1,1,2
1203,0,0,32,1,97306,2,1,2
1204,0,1,40,1,157231,1,1,2
1205,0,0,44,1,126906,0,2,2
1206,0,0,43,1,133243,1,2,2
1207,0,0,51,1,112250,1,1,2
1208,0,0,37,1,104349,0,1,3
1209,0,0,33,1,151421,1,2,2
1210,0,1,32,1,178081,2,1,2
1211,0,0,35,1,110181,0,2,2
1212,0,1,30,1,113012,1,1,1
1213,0,1,35,1,154585,2,2,2
1214,0,0,40,1,144704,2,1,2
1215,0,0,37,1,141632,2,2,2
1216,0,0,37,1,105055,1,2,2
1217,0,0,37,1,124597,1,2,2
1218,0,0,53,1,160164,2,1,2
1219,0,0,34,1,151754,2,1,2
1220,0,0,51,1,155551,1,1,2
1221,0,1,26,1,94986,1,2,2
1222,0,0,34,1,175800,0,1,2
1223,0,0,51,1,126246,2,1,2
1224,0,0,33,1,116261,1,2,2
1225,0,1,32,1,117796,0,2,2
1226,0,0,39,1,115363,1,1,2
1227,0,0,53,1,169076,1,1,2
1228,0,0,34,1,97474,2,2,2
1229,0,0,37,1,140341,1,2,2
1230,0,1,28,1,114503,1,1,1
1231,0,1,25,1,102937,1,2,2
1232,0,0,36,1,151781,2,2,2
1233,0,1,36,1,123133,1,2,2
1234,0,0,35,1,118879,1,2,2
1235,0,1,21,1,158683,1,1,2
1236,0,1,29,1,107514,1,2,2
1237,0,0,60,2,193879,1,1,4
1238,0,0,45,1,135043,1,1,2
1239,0,1,56,2,108559,0,1,4
1240,0,1,30,1,121038,1,2,2
1241,0,0,52,1,151947,2,2,2
1242,0,1,26,1,118820,1,1,1
1243,0,0,43,1,121517,1,1,2
1244,0,0,34,1,113572,1,1,2
1245,0,1,22,1,131170,1,2,2
1246,0,0,42,1,92430,0,1,3
1247,0,0,38,1,124554,0,1,3
1248,0,1,29,1,115988,1,2,2
1249,0,0,44,1,107301,1,2,2
1250,0,1,29,1,103767,2,1,2
1251,0,0,44,1,141493,1,2,2
1252,0,0,38,1,154339,1,2,2
1253,0,1,26,1,112369,0,1,1
1254,0,0,53,1,158193,1,1,2
1255,0,0,43,1,143734,1,1,2
1256,0,0,33,1,121890,1,1,2
1257,0,0,52,1,127609,0,1,3
1258,0,1,26,1,94650,0,2,1
1259,0,0,38,1,175504,2,1,2
1260,0,0,47,1,165495,1,2,2
1261,0,1,26,1,120389,1,1,1
1262,0,1,36,1,165340,1,1,2
1263,0,0,36,1,119804,1,1,2
1264,0,0,57,2,154344,2,1,4
1265,0,1,31,1,106266,2,2,2
1266,0,0,45,1,136129,1,1,2
1267,0,0,40,1,151914,2,1,2
1268,0,1,21,1,121473,1,1,1
1269,0,0,46,1,127147,1,2,2
1270,0,0,35,1,125387,1,2,2
1271,0,1,31,1,139490,0,2,2
1272,0,0,51,1,124990,1,2,2
1273,0,1,21,1,101471,2,1,2
1274,0,0,48,1,155708,1,1,2
1275,0,0,48,1,142345,1,2,2
1276,0,0,68,2,148675,0,1,4
1277,0,1,45,2,116484,1,2,4
1278,0,0,35,1,150237,2,2,2
1279,0,1,22,1,100273,1,2,2
1280,0,0,44,1,122292,0,1,3
1281,0,0,52,1,159216,1,1,2
1282,0,0,48,1,130082,1,2,2
1283,0,0,33,1,139547,1,2,2
1284,0,1,35,1,122895,1,1,2
1285,0,1,64,2,154549,1,1,4
1286,0,0,58,1,149315,0,2,2
1287,0,1,24,1,118101,0,2,1
1288,0,0,40,1,115831,0,2,2
1289,0,0,49,1,118571,2,2,2
1290,0,0,31,1,138906,1,2,2
1291,0,0,46,1,98520,1,2,2
1292,0,0,46,1,106576,1,1,2
1293,0,0,49,1,121592,1,1,2
1294,0,0,29,1,135605,0,1,3
1295,0,0,37,1,114552,1,2,2
1296,0,0,33,1,151339,2,1,2
1297,0,0,71,2,170387,1,2,4
1298,0,0,35,1,118288,1,2,2
1299,0,0,40,1,109992,1,2,2
1300,1,0,27,1,90654,0,0,3
1301,1,0,61,2,113290,0,0,4
1302,1,1,29,1,100093,1,1,1
1303,1,0,33,1,109489,1,0,3
1304,1,0,56,2,139427,0,0,4
1305,1,1,27,1,123411,1,1,1
1306,1,1,22,1,137925,1,0,1
1307,1,1,19,1,99119,1,0,1
1308,1,1,28,1,91084,1,1,1
1309,1,1,24,1,110137,1,1,1
1310,1,1,27,1,67041,0,0,1
1311,1,1,30,1,127299,1,1,1
1312,1,0,26,1,84555,0,0,3
1313,1,1,26,1,123895,1,0,1
1314,1,1,23,1,94324,1,1,1
1315,1,1,28,1,96062,1,0,1
1316,1,1,67,3,144843,1,0,4
1317,1,1,27,1,107485,1,1,1
1318,1,1,32,1,98573,1,0,1
1319,1,0,24,1,107462,0,0,3
1320,1,1,28,1,115809,1,1,1
1321,1,0,48,2,118749,0,0,4
1322,1,1,32,1,139112,1,1,1
1323,1,1,25,1,94075,1,0,1
1324,1,1,57,2,62002,0,0,4
1325,1,1,28,1,127262,1,0,1
1326,1,1,24,1,122846,1,1,1
1327,1,1,25,1,61907,0,0,1
1328,1,0,31,1,89287,0,0,3
1329,1,0,33,1,103696,1,1,1
1330,1,1,50,2,147603,1,0,4
1331,1,1,58,2,139229,0,1,4
1332,1,1,27,1,107932,0,0,1
1333,1,1,48,2,116235,0,0,4
1334,1,1,22,1,85974,0,0,1
1335,1,1,40,1,124001,0,0,1
1336,1,1,32,1,121428,1,0,1
1337,1,0,25,1,93233,0,0,3
1338,1,1,27,1,67965,0,0,1
1339,1,1,27,1,88001,0,0,1
1340,1,1,23,1,129112,1,0,1
1341,1,1,32,1,109324,1,1,1
1342,1,1,25,1,112785,1,1,1
1343,1,1,46,2,136735,0,0,4
1344,1,1,21,1,107779,1,1,1
1345,1,1,29,1,103526,1,0,1
1346,1,1,31,1,93171,0,0,1
1347,1,0,26,1,106559,0,0,3
1348,1,1,23,1,112728,1,1,1
1349,1,0,38,1,102855,1,1,3
1350,1,0,35,1,85381,0,0,3
1351,1,1,27,1,100762,1,1,1
1352,1,1,22,1,131445,1,1,1
1353,1,1,52,2,123194,1,0,4
1354,1,1,19,1,99519,1,1,1
1355,1,1,23,1,112853,1,0,1
1356,1,0,42,1,110509,1,0,3
1357,1,1,27,1,106446,1,1,1
1358,1,1,39,2,89665,0,0,1
1359,1,1,50,2,128233,1,1,4
1360,1,1,36,1,133615,1,0,1
1361,1,1,25,1,115833,1,1,1
1362,1,1,27,1,65560,0,0,1
1363,1,1,30,1,118642,1,0,1
1364,1,0,22,1,63635,0,0,3
1365,1,1,27,1,122649,1,1,1
1366,1,0,31,1,143321,2,1,2
1367,1,1,29,1,99556,1,0,1
1368,1,0,34,1,36760,0,0,3
1369,1,0,33,1,71935,0,0,3
1370,1,1,26,1,114977,1,0,1
1371,1,1,36,1,147691,1,1,1
1372,1,1,26,1,54296,0,0,1
1373,1,1,39,1,80014,0,0,1
1374,1,1,44,2,77887,0,0,4
1375,1,1,46,2,98517,0,0,4
1376,1,1,31,1,103012,0,0,1
1377,1,0,26,1,121377,1,0,1
1378,1,1,22,1,91359,1,1,1
1379,1,0,48,2,104833,0,0,4
1380,1,1,27,1,101209,1,0,1
1381,1,0,30,1,58207,0,0,3
1382,1,1,27,1,116708,1,1,1
1383,1,1,36,1,107471,1,1,1
1384,1,1,31,1,128495,1,0,1
1385,1,0,21,1,124468,1,0,1
1386,1,1,26,1,106922,1,1,1
1387,1,0,24,1,104291,1,0,1
1388,1,1,29,1,98204,1,0,1
1389,1,1,32,1,127071,1,0,1
1390,1,1,45,2,85115,0,0,4
1391,1,1,58,2,104013,0,0,4
1392,1,1,25,1,89863,1,0,1
1393,1,1,67,3,135300,1,0,4
1394,1,1,53,2,107861,0,0,4
1395,1,1,24,1,123994,1,0,1
1396,1,0,20,1,91270,0,0,3
1397,1,1,71,3,133245,0,0,4
1398,1,1,31,1,118594,1,1,1
1399,1,1,27,1,40606,0,0,1
1400,1,1,36,1,129304,0,0,1
1401,1,1,25,1,113118,1,0,1
1402,1,0,41,1,133131,1,0,3
1403,1,1,30,1,106876,1,1,1
1404,1,1,32,1,130870,1,1,1
1405,1,1,29,1,125621,0,0,1
1406,1,0,27,1,78923,0,0,3
1407,1,1,32,1,123983,1,0,1
1408,1,1,25,1,75184,0,0,1
1409,1,0,24,1,109693,1,0,1
1410,1,1,63,2,86273,0,0,4
1411,1,0,42,2,113190,0,0,4
1412,1,1,22,1,109274,0,0,1
1413,1,1,46,2,143489,1,1,4
1414,1,1,24,1,99570,1,1,1
1415,1,0,30,1,139468,1,1,2
1416,1,1,44,2,108627,0,0,4
1417,1,0,25,1,106355,1,0,1
1418,1,1,27,1,96952,1,0,1
1419,1,1,27,1,141502,1,1,1
1420,1,1,34,1,110420,1,1,1
1421,1,1,18,1,97741,1,1,1
1422,1,1,25,1,99583,1,1,1
1423,1,1,21,1,63698,0,0,1
1424,1,1,26,1,116688,1,1,1
1425,1,1,27,1,131542,2,1,1
1426,1,0,25,1,136055,1,1,1
1427,1,1,30,1,100195,1,1,1
1428,1,0,66,3,131001,1,0,4
1429,1,1,25,1,104062,1,1,1
1430,1,1,43,2,137689,1,0,4
1431,1,1,35,1,137705,1,1,1
1432,1,0,70,3,69915,0,0,4
1433,1,0,35,1,68731,0,0,3
1434,1,1,26,1,105726,1,0,1
1435,1,0,29,1,78078,0,0,3
1436,1,1,22,1,110835,0,0,1
1437,1,0,26,1,115531,1,1,1
1438,1,1,36,1,92723,0,0,1
1439,1,1,35,1,107509,1,1,1
1440,1,1,28,1,116763,1,1,1
1441,1,1,24,1,100733,1,0,1
1442,1,1,34,1,92652,0,0,1
1443,1,1,25,1,106987,1,0,1
1444,1,1,54,2,51882,0,0,4
1445,1,0,46,2,104751,0,0,4
1446,1,1,42,1,50947,0,0,1
1447,1,0,45,2,126986,0,0,4
1448,1,0,48,2,110223,0,0,4
1449,1,0,21,1,100591,0,0,3
1450,1,1,31,1,123257,1,0,1
1451,1,0,35,1,137736,1,1,2
1452,1,1,36,1,110221,1,1,1
1453,1,1,32,1,99703,0,0,1
1454,1,1,26,1,106667,0,0,1
1455,1,1,34,1,143319,1,0,1
1456,1,1,65,2,135557,1,1,4
1457,1,1,50,2,93390,0,0,4
1458,1,1,39,1,97577,1,0,1
1459,1,0,52,2,124196,0,0,4
1460,1,1,36,1,81136,0,0,1
1461,1,1,29,1,119439,1,0,1
1462,1,1,36,1,145231,1,1,1
1463,1,1,36,1,85623,0,0,1
1464,1,1,27,1,145373,1,1,1
1465,1,1,36,1,135896,2,1,1
1466,1,1,26,1,106470,1,1,1
1467,1,0,57,2,113334,1,1,4
1468,1,0,27,1,100560,0,0,3
1469,1,1,58,2,108442,0,0,4
1470,1,1,27,1,64472,0,0,1
1471,1,1,49,2,120207,1,0,4
1472,1,1,43,2,101680,1,0,4
1473,1,0,45,2,92342,0,0,4
1474,1,1,27,1,98611,0,0,1
1475,1,1,34,1,97613,1,1,1
1476,1,1,21,1,82298,0,0,1
1477,1,1,54,2,125302,1,1,4
1478,1,1,43,2,108725,0,0,4
1479,1,0,25,1,85569,0,0,3
1480,1,0,57,2,110372,0,0,4
1481,1,1,26,1,100511,1,1,1
1482,1,0,30,1,110455,1,0,3
1483,1,0,58,2,141993,0,0,4
1484,1,1,25,1,121789,1,1,1
1485,1,1,23,1,138967,1,0,1
1486,1,0,22,1,105230,1,0,1
1487,1,1,21,1,90656,1,1,1
1488,1,1,20,1,115445,1,1,1
1489,1,1,22,1,59955,0,0,1
1490,1,0,27,1,126268,1,1,1
1491,1,0,24,1,80830,0,0,3
1492,1,1,23,1,123625,1,0,1
1493,1,1,26,1,102543,1,1,1
1494,1,0,28,1,101948,1,0,3
1495,1,1,64,3,142280,1,0,4
1496,1,1,26,1,105434,1,1,1
1497,1,1,31,1,106115,1,0,1
1498,1,0,28,1,111057,0,0,3
1499,1,1,25,1,117758,1,1,1
1500,1,0,49,2,118396,0,0,4
1501,1,1,33,1,136260,1,1,1
1502,1,0,27,1,97192,1,0,3
1503,1,1,59,2,62101,0,0,4
1504,1,1,28,1,123497,1,0,1
1505,1,1,24,1,120326,1,1,1
1506,1,1,26,1,66645,0,0,1
1507,1,0,33,1,83429,0,0,3
1508,1,0,37,1,107539,1,1,1
1509,1,1,46,2,153880,1,0,4
1510,1,1,62,2,140178,0,1,4
1511,1,0,26,1,100402,0,0,3
1512,1,1,49,2,122158,0,0,4
1513,1,1,25,1,89331,0,0,1
1514,1,1,37,1,125359,0,0,1
1515,1,0,31,1,124110,1,0,1
1516,1,0,25,1,93526,0,0,3
1517,1,1,21,1,70170,0,0,1
1518,1,1,27,1,82357,0,0,1
1519,1,1,29,1,126745,1,0,1
1520,1,1,30,1,103326,1,1,1
1521,1,1,26,1,116048,1,1,1
1522,1,1,40,2,137115,0,0,4
1523,1,1,23,1,105365,1,1,1
1524,1,1,31,1,95911,1,0,1
1525,1,1,29,1,88669,0,0,1
1526,1,0,22,1,103776,0,0,3
1527,1,1,26,1,108864,1,1,1
1528,1,0,39,1,106037,1,1,3
1529,1,0,35,1,84851,0,0,3
1530,1,1,26,1,95748,1,1,1
1531,1,1,28,1,133616,1,1,1
1532,1,1,56,2,132752,1,0,4
1533,1,1,22,1,95712,1,1,1
1534,1,1,26,1,109063,1,0,1
1535,1,0,41,1,113521,1,0,3
1536,1,1,29,1,109380,1,1,1
1537,1,1,42,2,82558,0,0,4
1538,1,1,50,2,124777,1,1,4
1539,1,1,33,1,133542,1,0,1
1540,1,1,28,1,116492,1,1,1
1541,1,1,27,1,68834,0,0,1
1542,1,1,27,1,124023,1,0,1
1543,1,0,28,1,63882,0,0,3
1544,1,1,24,1,122492,1,1,1
1545,1,0,28,1,141453,2,1,2
1546,1,1,32,1,99327,1,0,1
1547,1,0,32,1,45590,0,0,3
1548,1,0,30,1,71167,0,0,3
1549,1,1,29,1,111992,1,0,1
1550,1,1,37,1,145140,1,1,1
1551,1,1,24,1,49672,0,0,1
1552,1,1,36,1,75536,0,0,1
1553,1,1,40,2,86720,0,0,4
1554,1,1,51,2,97729,0,0,4
1555,1,1,33,1,106808,0,0,1
1556,1,0,31,1,117971,1,0,3
1557,1,1,29,1,97731,1,1,1
1558,1,0,48,2,109196,0,0,4
1559,1,1,25,1,94905,1,0,1
1560,1,0,28,1,57480,0,0,3
1561,1,1,23,1,109175,1,1,1
1562,1,1,32,1,111174,1,1,1
1563,1,1,34,1,127255,1,0,1
1564,1,0,23,1,115499,1,0,1
1565,1,1,25,1,109499,1,1,1
1566,1,0,25,1,104696,1,0,1
1567,1,1,27,1,104467,1,0,1
1568,1,1,29,1,120157,1,0,1
1569,1,1,46,2,81200,0,0,4
1570,1,1,61,2,97558,0,0,4
1571,1,1,25,1,95914,1,0,1
1572,1,1,67,3,128053,1,0,4
1573,1,1,49,2,101734,0,0,4
1574,1,1,21,1,126009,1,0,1
1575,1,0,19,1,91232,0,0,3
1576,1,1,67,3,128343,0,0,4
1577,1,1,31,1,110040,1,1,1
1578,1,1,27,1,38247,0,0,1
1579,1,1,37,1,129027,0,0,1
1580,1,1,27,1,115026,1,0,1
1581,1,0,36,1,130323,1,0,3
1582,1,1,24,1,103181,1,1,1
1583,1,1,31,1,138307,1,1,1
1584,1,1,29,1,122564,0,0,1
1585,1,0,28,1,82351,0,0,3
1586,1,1,34,1,125351,1,0,1
1587,1,1,26,1,82940,0,0,1
1588,1,0,21,1,108029,1,0,1
1589,1,1,63,2,82734,0,0,4
1590,1,0,38,2,116816,0,0,4
1591,1,1,20,1,113472,0,0,1
1592,1,1,44,2,143343,1,1,4
1593,1,1,31,1,104074,1,1,1
1594,1,0,33,1,138525,1,1,2
1595,1,1,49,2,106960,0,0,4
1596,1,0,26,1,108323,1,0,1
1597,1,1,28,1,95784,1,0,1
1598,1,1,30,1,140673,1,1,1
1599,1,1,36,1,104235,1,1,1
1600,1,1,27,1,54041,0,0,1
1601,0,0,23,0,107961,0,0,3
1602,0,0,31,0,113757,1,0,3
1603,1,1,27,1,94884,1,0,1
1604,1,1,25,1,126041,1,0,1
1605,1,1,23,1,64952,0,0,1
1606,0,1,27,1,66764,0,0,3
1607,1,0,38,1,67861,0,0,3
1608,0,0,44,1,113516,0,0,3
1609,1,1,42,1,46109,0,0,1
1610,1,1,25,1,103651,0,0,1
1611,0,1,40,1,75043,0,0,3
1612,1,1,24,1,116473,0,0,1
1613,1,0,39,1,96614,0,0,3
1614,0,0,24,0,66447,0,0,3
1615,1,0,50,1,119068,1,0,3
1616,1,1,28,1,122973,0,0,1
1617,1,1,36,1,81609,0,0,1
1618,0,0,36,1,105519,1,0,3
1619,1,1,40,1,86649,0,0,1
1620,1,0,31,0,76384,0,0,3
1621,0,1,27,1,67136,0,0,3
1622,1,1,35,1,93155,0,0,1
1623,0,0,51,1,124183,0,0,3
1624,1,0,26,0,64860,0,0,3
1625,0,0,33,1,87232,0,0,3
1626,1,1,27,1,92304,0,0,1
1627,0,0,38,1,84254,0,0,3
1628,1,0,30,0,106696,1,0,3
1629,0,0,28,0,113212,1,0,3
1630,0,0,23,0,71076,0,0,3
1631,1,1,23,1,114270,0,0,1
1632,1,1,26,1,125538,1,0,1
1633,1,1,21,1,92442,0,0,1
1634,1,0,36,1,75297,0,0,3
1635,1,1,24,1,65707,0,0,1
1636,0,0,41,1,120387,1,0,3
1637,0,0,42,1,120946,1,0,3
1638,0,0,27,0,73265,0,0,3
1639,0,1,40,1,77481,0,0,3
1640,1,1,34,1,91282,0,0,1
1641,0,0,40,1,104405,0,0,3
1642,0,0,33,1,99646,1,0,3
1643,1,0,49,1,97791,0,0,3
1644,0,0,28,0,81878,0,0,3
1645,1,1,26,1,107908,1,0,1
1646,1,0,40,1,98608,0,0,3
1647,0,0,47,1,95228,0,0,3
1648,1,1,41,1,128163,1,0,1
1649,1,1,29,1,94325,0,0,1
1650,1,1,37,1,90815,0,0,1
1651,0,0,31,0,120719,1,0,3
1652,0,0,35,1,110159,1,0,3
1653,0,0,35,1,124490,1,0,3
1654,1,1,29,1,75161,0,0,1
1655,1,0,37,1,127206,1,0,3
1656,0,0,37,1,83660,0,0,3
1657,1,1,26,1,87400,0,0,1
1658,1,1,28,1,78942,0,0,1
1659,1,1,23,1,88452,0,0,1
1660,0,0,38,1,104128,1,0,3
1661,1,1,30,1,100313,1,0,1
1662,1,0,45,1,107387,1,0,3
1663,0,0,24,0,84355,0,0,3
1664,1,0,35,1,112723,1,0,3
1665,1,1,41,1,115892,1,0,1
1666,0,1,30,1,106597,1,0,1
1667,1,1,30,1,121327,1,0,1
1668,1,1,26,1,92559,0,0,1
1669,1,1,25,1,87537,0,0,1
1670,1,1,23,1,70569,0,0,1
1671,1,1,27,1,85294,0,0,1
1672,1,0,26,0,70905,0,0,3
1673,0,0,25,0,103716,0,0,3
1674,0,1,27,1,94947,1,0,1
1675,1,0,42,1,80116,0,0,3
1676,0,0,35,1,86492,0,0,3
1677,1,1,25,1,88672,0,0,1
1678,1,1,26,1,82984,0,0,1
1679,0,0,38,1,128100,1,0,3
1680,1,0,28,0,72869,0,0,3
1681,0,1,33,1,112227,1,0,1
1682,1,0,40,1,94674,0,0,3
1683,1,1,23,1,101003,1,0,1
1684,1,0,25,0,112924,1,0,3
1685,1,0,28,0,108645,0,0,3
1686,0,0,41,1,69415,0,0,3
1687,1,0,50,1,112204,0,0,3
1688,1,1,23,1,109700,1,0,1
1689,1,1,26,1,104484,1,0,1
1690,1,1,22,1,61239,0,0,1
1691,0,0,37,1,119602,0,0,3
1692,1,0,38,1,81014,0,0,3
1693,1,1,22,1,68165,0,0,1
1694,1,0,30,0,88652,0,0,3
1695,0,0,38,1,75705,0,0,3
1696,1,1,36,1,104189,1,0,1
1697,0,0,41,1,71603,0,0,3
1698,1,1,29,1,121914,1,0,1
1699,1,1,31,1,106637,1,0,1
1700,1,0,31,0,99800,1,0,3
1701,1,0,21,0,67629,0,0,3
1702,0,0,32,0,120354,1,0,3
1703,1,1,35,1,122110,1,0,1
1704,0,0,29,0,89170,0,0,3
1705,1,0,34,1,109195,1,0,3
1706,1,0,38,1,92392,0,0,3
1707,1,1,33,1,43805,0,0,1
1708,1,1,28,1,68389,0,0,1
1709,1,1,28,1,112521,1,0,1
1710,0,0,21,0,59255,0,0,3
1711,1,1,29,1,98612,0,0,1
1712,1,1,26,1,70649,0,0,1
1713,1,0,40,1,95228,0,0,3
1714,1,0,25,0,46865,0,0,3
1715,0,1,20,1,101688,1,0,1
1716,1,1,23,1,62618,0,0,1
1717,1,0,27,0,102531,1,0,3
1718,1,0,36,1,100737,1,0,3
1719,1,1,25,1,107321,1,0,1
1720,1,1,25,1,112879,0,0,1
1721,1,1,34,1,125372,0,0,1
1722,1,0,24,0,69419,0,0,3
1723,1,0,36,1,124759,1,0,3
1724,1,0,40,1,79076,0,0,3
1725,0,0,39,1,84779,0,0,3
1726,1,0,42,1,77393,0,0,3
1727,0,0,35,1,113187,0,0,3
1728,1,1,27,1,99100,1,0,1
1729,0,0,27,0,64954,0,0,3
1730,1,1,23,1,103244,1,0,1
1731,1,1,32,1,124975,1,0,1
1732,0,1,28,1,133582,1,0,1
1733,0,0,22,0,103519,1,0,3
1734,0,0,31,0,117813,1,0,3
1735,1,1,22,1,119902,1,0,1
1736,0,0,23,0,70783,0,0,3
1737,1,1,35,1,125470,0,0,1
1738,1,1,26,1,109782,0,0,1
1739,1,1,28,1,78322,0,0,1
1740,0,0,54,1,125517,1,0,2
1741,1,0,49,1,102463,0,0,3
1742,1,0,38,1,89309,0,0,3
1743,1,0,47,1,110287,1,0,3
1744,1,0,49,1,122391,0,0,3
1745,1,1,30,1,116399,1,0,1
1746,1,0,32,0,81907,0,0,3
1747,1,1,24,1,97909,0,0,1
1748,1,0,25,0,68051,0,0,3
1749,0,0,33,1,82414,0,0,3
1750,1,1,34,1,123089,1,0,1
1751,1,1,24,1,66537,0,0,1
1752,1,0,36,1,127926,0,0,3
1753,1,0,41,1,78963,0,0,3
1754,0,1,33,1,108694,1,0,1
1755,1,1,26,1,100892,1,0,1
1756,1,0,36,1,119560,1,0,3
1757,1,0,35,1,116176,0,0,3
1758,0,0,29,0,111854,1,0,3
1759,1,1,26,1,69831,0,0,1
1760,0,0,31,0,69375,0,0,3
1761,0,1,26,1,71310,0,0,3
1762,0,0,47,1,73913,0,0,3
1763,0,1,20,1,95492,1,0,1
1764,0,0,45,1,109329,0,0,3
1765,0,0,36,1,116027,1,0,3
1766,0,1,31,1,81987,0,0,3
1767,1,0,41,1,83481,0,0,3
1768,1,0,31,0,72361,0,0,3
1769,1,1,27,1,106625,0,0,1
1770,1,1,32,1,123707,1,0,1
1771,1,0,43,1,79353,0,0,3
1772,1,0,32,0,68347,0,0,3
1773,1,1,29,1,115832,1,0,1
1774,0,0,37,1,89946,0,0,3
1775,1,0,35,1,86319,0,0,3
1776,1,1,23,1,70963,0,0,1
1777,0,0,40,1,106120,1,0,3
1778,1,1,26,1,97856,1,0,1
1779,0,0,28,0,61824,0,0,3
1780,1,1,40,1,103907,1,0,1
1781,1,1,26,1,99953,0,0,1
1782,1,1,23,1,113413,1,0,1
1783,0,0,26,0,107091,0,0,3
1784,0,0,26,0,124783,1,0,3
1785,1,0,49,1,92281,0,0,3
1786,1,1,26,1,96219,1,0,1
1787,1,0,35,1,86221,0,0,3
1788,1,1,24,1,80962,0,0,1
1789,1,0,46,1,78754,0,0,3
1790,0,0,26,0,60026,0,0,3
1791,0,0,47,1,88157,0,0,3
1792,0,0,27,0,59881,0,0,3
1793,0,1,41,1,112818,1,0,1
1794,1,1,29,1,102250,1,0,1
1795,1,1,28,1,38980,0,0,1
1796,1,1,33,1,81807,0,0,1
1797,1,0,50,1,93148,0,0,3
1798,1,1,32,1,108032,1,0,1
1799,0,1,31,1,89335,0,0,3
1800,0,0,52,1,95639,0,0,3
1801,0,0,53,1,124902,1,0,2
1802,1,1,34,1,87801,0,0,1
1803,1,1,22,1,92538,1,0,1
1804,0,1,33,1,83687,0,0,3
1805,0,0,32,0,128310,1,0,3
1806,1,0,45,1,104754,0,0,3
1807,0,1,25,1,68222,0,0,3
1808,1,1,41,1,97006,0,0,1
1809,1,0,36,1,107372,0,0,3
1810,1,1,27,1,110511,1,0,1
1811,0,0,40,1,72193,0,0,3
1812,1,0,37,1,95972,0,0,3
1813,0,0,35,1,105556,0,0,3
1814,0,0,34,1,88701,0,0,3
1815,1,0,28,0,117710,1,0,3
1816,1,0,44,1,76057,0,0,3
1817,0,1,27,1,100392,1,0,1
1818,1,0,50,1,113308,1,0,3
1819,1,1,18,1,100924,1,0,1
1820,1,0,25,0,72188,0,0,3
1821,1,1,40,1,70431,0,0,1
1822,0,1,28,1,110103,1,0,1
1823,1,1,23,1,60825,0,0,1
1824,1,1,35,1,75100,0,0,1
1825,1,1,28,1,129327,1,0,1
1826,1,0,23,0,95541,1,0,3
1827,0,1,34,1,112777,1,0,1
1828,1,1,29,1,51496,0,0,1
1829,1,0,35,1,102781,1,0,3
1830,1,1,32,1,87494,0,0,1
1831,1,0,46,1,72728,0,0,3
1832,1,1,27,1,114775,1,0,1
1833,1,1,25,1,124359,1,0,1
1834,1,1,27,1,101620,0,0,1
1835,1,1,24,1,87964,0,0,1
1836,1,0,33,0,69523,0,0,3
1837,1,1,24,1,109486,1,0,1
1838,1,0,28,0,77206,0,0,3
1839,1,0,35,1,53608,0,0,3
1840,1,1,30,1,118677,1,0,1
1841,0,0,43,1,116512,1,0,3
1842,0,1,21,1,114756,0,0,1
1843,1,1,24,1,65852,0,0,1
1844,0,0,34,1,75626,0,0,3
1845,1,1,26,1,127455,1,0,1
1846,0,0,37,1,107073,1,0,3
1847,1,1,32,1,82196,0,0,1
1848,1,1,33,1,106741,0,0,1
1849,0,1,28,1,94518,1,0,1
1850,1,1,30,1,114430,1,0,1
1851,1,1,26,1,57165,0,0,1
1852,1,0,25,0,109610,0,0,3
1853,0,0,33,0,113619,1,0,3
1854,1,1,30,1,93854,1,0,1
1855,1,1,26,1,129022,1,0,1
1856,0,1,23,1,66804,0,0,3
1857,0,1,25,1,62689,0,0,3
1858,1,0,40,1,67619,0,0,3
1859,0,0,46,1,113495,0,0,3
1860,1,1,43,1,48632,0,0,1
1861,1,1,22,1,107394,0,0,1
1862,0,1,39,1,72385,0,0,3
1863,1,1,27,1,115934,0,0,1
1864,0,0,40,1,93183,0,0,3
1865,0,0,24,0,63506,0,0,3
1866,1,0,52,1,113619,1,0,3
1867,1,1,30,1,121399,0,0,1
1868,1,1,34,1,78281,0,0,1
1869,1,0,38,1,103926,1,0,3
1870,0,1,39,1,89097,0,0,3
1871,1,0,29,0,80852,0,0,3
1872,0,1,25,1,65207,0,0,3
1873,1,1,35,1,93495,0,0,1
1874,0,0,53,1,121970,0,0,3
1875,0,0,26,0,62027,0,0,3
1876,0,0,33,1,88602,0,0,3
1877,0,1,29,1,89914,0,0,3
1878,0,0,39,1,83342,0,0,3
1879,0,0,29,0,103439,1,0,3
1880,0,0,26,0,115451,1,0,3
1881,0,0,24,0,68250,0,0,3
1882,1,1,21,1,113630,0,0,1
1883,1,1,26,1,125880,1,0,1
1884,1,1,20,1,91177,0,0,1
1885,1,0,35,1,73266,0,0,3
1886,1,1,24,1,69021,0,0,1
1887,1,0,40,1,122593,1,0,3
1888,1,0,44,1,122180,1,0,3
1889,0,0,29,0,75160,0,0,3
1890,1,1,39,1,81973,0,0,1
1891,1,1,35,1,92194,0,0,1
1892,0,0,42,1,107380,0,0,3
1893,1,0,32,1,98023,1,0,3
1894,0,0,48,1,94868,0,0,3
1895,0,0,26,0,83442,0,0,3
1896,1,1,26,1,109887,1,0,1
1897,0,0,42,1,98876,0,0,3
1898,0,0,48,1,94962,0,0,3
1899,1,1,42,1,130740,1,0,1
1900,1,1,27,1,94095,0,0,1
1901,1,1,37,1,95071,0,0,1
1902,0,0,33,0,117308,1,0,3
1903,0,0,33,1,112093,1,0,3
1904,1,0,37,1,123893,1,0,3
1905,1,1,31,1,80189,0,0,1
1906,0,0,39,1,124089,1,0,3
1907,1,0,40,1,82673,0,0,3
1908,1,1,28,1,88858,0,0,1
1909,1,1,26,1,80540,0,0,1
1910,1,1,24,1,84228,0,0,1
1911,0,0,40,1,103963,1,0,3
1912,1,1,29,1,102397,1,0,1
1913,0,0,43,1,111563,1,0,3
1914,0,0,23,0,88260,0,0,3
1915,1,0,34,1,114767,1,0,3
1916,1,1,42,1,113275,1,0,1
1917,1,1,33,1,104755,1,0,1
1918,1,1,32,1,120525,1,0,1
1919,1,1,26,1,96082,0,0,1
1920,1,1,23,1,87227,0,0,1
1921,1,1,26,1,69333,0,0,1
1922,1,1,27,1,87777,0,0,1
1923,0,0,24,0,70978,0,0,3
1924,0,0,27,0,104196,0,0,3
1925,1,1,26,1,97551,1,0,1
1926,1,0,42,1,78979,0,0,3
1927,1,0,37,1,82500,0,0,3
1928,1,1,26,1,86306,0,0,1
1929,1,1,24,1,78762,0,0,1
1930,1,0,39,1,125543,1,0,3
1931,0,0,26,0,70336,0,0,3
1932,0,1,35,1,112975,1,0,1
1933,0,0,38,1,96681,0,0,3
1934,1,1,24,1,98922,1,0,1
1935,1,0,26,0,109250,1,0,3
1936,0,0,25,0,108960,0,0,3
1937,0,0,40,1,71302,0,0,3
1938,1,0,48,1,107757,0,0,3
1939,1,1,22,1,111600,1,0,1
1940,1,1,25,1,102974,1,0,1
1941,0,1,24,1,63442,0,0,3
1942,0,0,39,1,118913,0,0,3
1943,0,0,39,1,80987,0,0,3
1944,1,1,21,1,68790,0,0,1
1945,1,0,27,0,86462,0,0,3
1946,0,0,40,1,76881,0,0,3
1947,1,1,37,1,107409,1,0,1
1948,1,0,42,1,69114,0,0,3
1949,1,1,31,1,119167,1,0,1
1950,1,1,31,1,102018,1,0,1
1951,0,0,30,0,97680,1,0,3
1952,1,0,23,0,65062,0,0,3
1953,0,0,33,0,118144,1,0,3
1954,1,1,37,1,124548,1,0,1
1955,1,0,29,0,85637,0,0,3
1956,1,0,31,1,113108,1,0,3
1957,0,0,39,1,93554,0,0,3
1958,1,1,33,1,42516,0,0,1
1959,0,1,26,1,72429,0,0,3
1960,1,1,27,1,110154,1,0,1
1961,1,0,20,0,60965,0,0,3
1962,1,1,27,1,100618,0,0,1
1963,1,1,26,1,71021,0,0,1
1964,0,0,40,1,94189,0,0,3
1965,0,0,24,0,44742,0,0,3
1966,1,1,22,1,103201,1,0,1
1967,1,1,24,1,62335,0,0,1
1968,1,0,27,0,103787,1,0,3
1969,0,0,35,1,99401,1,0,3
1970,0,1,27,1,105197,1,0,1
1971,1,1,25,1,115566,0,0,1
1972,1,1,34,1,125843,0,0,1
1973,1,0,24,0,67936,0,0,3
1974,1,0,34,1,120863,1,0,3
1975,0,0,42,1,77317,0,0,3
1976,1,0,38,1,84653,0,0,3
1977,0,0,42,1,81606,0,0,3
1978,1,0,35,1,113380,0,0,3
1979,1,1,27,1,100644,1,0,1
1980,0,0,25,0,64037,0,0,3
1981,1,1,23,1,101350,1,0,1
1982,1,1,34,1,126334,1,0,1
1983,1,1,28,1,130877,1,0,1
1984,0,0,21,0,103470,1,0,3
1985,1,0,32,0,114588,1,0,3
1986,1,1,21,1,120682,1,0,1
1987,0,0,25,0,66628,0,0,3
1988,1,1,35,1,124447,0,0,1
1989,1,1,25,1,106567,0,0,1
1990,1,1,31,1,78758,0,0,1
1991,0,0,54,1,128537,1,0,2
1992,1,0,51,1,101074,0,0,3
1993,1,0,38,1,87670,0,0,3
1994,0,0,45,1,113414,1,0,3
1995,1,0,47,1,123525,0,0,3
1996,1,1,27,1,117744,1,0,1
1997,0,0,31,0,86400,0,0,3
1998,1,1,24,1,97968,0,0,1
1999,0,0,25,0,68416,0,0,3
